instructor_id,name,department_id,email
1,Dr. Alice Johnson,1,alice.johnson@gmail.com
2,Dr. Bob Williams,1,bob.williams@gmail.com
3,Dr. Charlie Brown,1,charlie.brown@gmail.com
4,Dr. Diana Evans,1,diana.evans@gmail.com
5,Dr. Edward Harris,1,edward.harris@gmail.com
6,Dr. Fiona Clark,2,fiona.clark@gmail.com
7,Dr. George Lewis,2,george.lewis@gmail.com
8,Dr. Hannah Walker,2,hannah.walker@gmail.com
9,Dr. Ian Hall,2,ian.hall@gmail.com
10,Dr. Jane Allen,2,jane.allen@gmail.com
11,Dr. Kevin Young,3,kevin.young@gmail.com
12,Dr. Laura King,3,laura.king@gmail.com
13,Dr. Michael Wright,3,michael.wright@gmail.com
14,Dr. Natalie Scott,3,natalie.scott@gmail.com
15,Dr. Oliver Green,3,oliver.green@gmail.com
16,Dr. Patricia Baker,4,patricia.baker@gmail.com
17,Dr. Quentin Adams,4,quentin.adams@gmail.com
18,Dr. Rachel Nelson,4,rachel.nelson@gmail.com
19,Dr. Steven Hill,4,steven.hill@gmail.com
20,Dr. Theresa Ramirez,4,theresa.ramirez@gmail.com
21,Dr. Uma Campbell,5,uma.campbell@gmail.com
22,Dr. Victor Mitchell,5,victor.mitchell@gmail.com
23,Dr. Wendy Roberts,5,wendy.roberts@gmail.com
24,Dr. Xavier Carter,5,xavier.carter@gmail.com
25,Dr. Yvonne Phillips,5,yvonne.phillips@gmail.com
26,Dr. Zachary Turner,6,zachary.turner@gmail.com
27,Dr. Abigail Torres,6,abigail.torres@gmail.com
28,Dr. Benjamin Parker,6,benjamin.parker@gmail.com
29,Dr. Chloe Collins,6,chloe.collins@gmail.com
30,Dr. David Edwards,6,david.edwards@gmail.com
31,Dr. Emily Stewart,7,emily.stewart@gmail.com
32,Dr. Frank Sanchez,7,frank.sanchez@gmail.com
33,Dr. Grace Morris,7,grace.morris@gmail.com
34,Dr. Henry Rogers,7,henry.rogers@gmail.com
35,Dr. Isla Reed,7,isla.reed@gmail.com
36,Dr. Jack Cook,8,jack.cook@gmail.com
37,Dr. Karen Morgan,8,karen.morgan@gmail.com
38,Dr. Liam Bell,8,liam.bell@gmail.com
39,Dr. Mia Murphy,8,mia.murphy@gmail.com
40,Dr. Noah Bailey,8,noah.bailey@gmail.com
41,Dr. Olivia Rivera,9,olivia.rivera@gmail.com
42,Dr. Paul Cooper,9,paul.cooper@gmail.com
43,Dr. Quinn Richardson,9,quinn.richardson@gmail.com
44,Dr. Ruby Cox,9,ruby.cox@gmail.com
45,Dr. Samuel Howard,9,samuel.howard@gmail.com
46,Dr. Tina Ward,10,tina.ward@gmail.com
47,Dr. Ulysses Peterson,10,ulysses.peterson@gmail.com
48,Dr. Victoria Gray,10,victoria.gray@gmail.com
49,Dr. William Ramirez,10,william.ramirez@gmail.com
50,Dr. Xena James,10,xena.james@gmail.com
51,Dr. Yuri Watson,1,yuri.watson@gmail.com
52,Dr. Zoe Brooks,1,zoe.brooks@gmail.com
53,Dr. Adam Kelly,1,adam.kelly@gmail.com
54,Dr. Beth Sanders,1,beth.sanders@gmail.com
55,Dr. Carl Price,1,carl.price@gmail.com
56,Dr. Diane Bennett,2,diane.bennett@gmail.com
57,Dr. Ethan Wood,2,ethan.wood@gmail.com
58,Dr. Faith Barnes,2,faith.barnes@gmail.com
59,Dr. Gavin Ross,2,gavin.ross@gmail.com
60,Dr. Holly Henderson,2,holly.henderson@gmail.com
61,Dr. Ian Coleman,3,ian.coleman@gmail.com
62,Dr. Jenna Jenkins,3,jenna.jenkins@gmail.com
63,Dr. Kyle Perry,3,kyle.perry@gmail.com
64,Dr. Laura Powell,3,laura.powell@gmail.com
65,Dr. Mark Long,3,mark.long@gmail.com
66,Dr. Nora Patterson,4,nora.patterson@gmail.com
67,Dr. Oscar Hughes,4,oscar.hughes@gmail.com
68,Dr. Paige Flores,4,paige.flores@gmail.com
69,Dr. Ryan Washington,4,ryan.washington@gmail.com
70,Dr. Sarah Butler,4,sarah.butler@gmail.com
71,Dr. Thomas Simmons,5,thomas.simmons@gmail.com
72,Dr. Ursula Foster,5,ursula.foster@gmail.com
73,Dr. Victor Gonzales,5,victor.gonzales@gmail.com
74,Dr. Wendy Bryant,5,wendy.bryant@gmail.com
75,Dr. Xavier Alexander,5,xavier.alexander@gmail.com
76,Dr. Yasmine Hayes,6,yasmine.hayes@gmail.com
77,Dr. Zachary Griffin,6,zachary.griffin@gmail.com
78,Dr. Amy West,6,amy.west@gmail.com
79,Dr. Brian Jordan,6,brian.jordan@gmail.com
80,Dr. Chloe Cole,6,chloe.cole@gmail.com
81,Dr. Daniel Graham,7,daniel.graham@gmail.com
82,Dr. Ella Alexander,7,ella.alexander@gmail.com
83,Dr. Frank Reynolds,7,frank.reynolds@gmail.com
84,Dr. Grace Griffin,7,grace.griffin@gmail.com
85,Dr. Henry Diaz,7,henry.diaz@gmail.com
86,Dr. Isabella Hayes,8,isabella.hayes@gmail.com
87,Dr. Jack Myers,8,jack.myers@gmail.com
88,Dr. Kate Ford,8,kate.ford@gmail.com
89,Dr. Liam Hamilton,8,liam.hamilton@gmail.com
90,Dr. Mia Graham,8,mia.graham@gmail.com
91,Dr. Noah Fisher,9,noah.fisher@gmail.com
92,Dr. Olivia Ellis,9,olivia.ellis@gmail.com
93,Dr. Peter Bennett,9,peter.bennett@gmail.com
94,Dr. Queenie Shaw,9,queenie.shaw@gmail.com
95,Dr. Ryan Richards,9,ryan.richards@gmail.com
96,Dr. Sophie Hart,10,sophie.hart@gmail.com
97,Dr. Thomas Lane,10,thomas.lane@gmail.com
98,Dr. Uma Mason,10,uma.mason@gmail.com
99,Dr. Victor Kennedy,10,victor.kennedy@gmail.com
100,Dr. Wendy Wheeler,10,wendy.wheeler@gmail.com
